{
  "parent": "nitk:recipes/root",
  "display": {
    "icon": {
      "id": "minecraft:crafting_table"
    },
    "title": "Adventure Guild Crafting",
    "description": "L = Oak Log\nS = Stone\nQ = Building Permit\nM = Empty Map\nI = Iron Sword\nC = Mossy Cobble\nMx1  | Ix1 | Cx4\nLx16 |  Q  | Lx16\nLx8  | Sx4 | Lx8",
    "frame": "task",
    "show_toast": false,
    "announce_to_chat": false,
    "hidden": true
  },
  "rewards": {
    "function": "nitk:siteplanner/init_adventureguild"
  },
  "criteria": {
    "open-dropper": {
      "trigger": "minecraft:any_block_use",
      "conditions": {
        "location": [
          {
            "condition": "minecraft:location_check",
            "predicate": {
              "block": {
                "blocks": [
                  "minecraft:dropper"
                ],
                "nbt": "{Items:[{Slot:0b,id:\"minecraft:map\",count:1},{Slot:1b,id:\"minecraft:iron_sword\",count:1},{Slot:2b,id:\"minecraft:mossy_cobblestone\",count:4},{Slot:3b,id:\"minecraft:oak_log\",count:16},{Slot:4b,id:\"minecraft:paper\",count:1,components:{\"minecraft:custom_data\":{nitk_buildingPermit:1b}}},{Slot:5b,id:\"minecraft:oak_log\",count:16},{Slot:6b,id:\"minecraft:oak_log\",count:8},{Slot:7b,id:\"minecraft:stone\",count:4},{Slot:8b,id:\"minecraft:oak_log\",count:8}]}"
              }
            }
          }
        ]
      }
    }
  }
}