{
  "parent": "nitk:recipes/root",
  "display": {
    "icon": {
      "id": "minecraft:crafting_table"
    },
    "title": "End Vault Crafting",
    "description": "Open a Site Planner with a End Vault recipe.",
    "frame": "task",
    "show_toast": false,
    "announce_to_chat": false,
    "hidden": true
  },
  "rewards": {
    "function": "nitk:siteplanner/init_vault"
  },
  "criteria": {
    "open-dropper": {
      "trigger": "minecraft:any_block_use",
      "conditions": {
        "location": [
          {
            "condition": "minecraft:location_check",
            "predicate": {
              "block": {
                  "blocks": [
                    "minecraft:dropper"
                  ],
                  "nbt": "{Items:[{Slot:0b,id:\"minecraft:shulker_shell\",count:1},{Slot:1b,id:\"minecraft:purpur_pillar\",count:16},{Slot:2b,id:\"minecraft:shulker_shell\",count:1},{Slot:3b,id:\"minecraft:obsidian\",count:4},{Slot:4b,id:\"minecraft:paper\",count:1,components:{\"minecraft:custom_data\":{nitk_buildingPermit:1b}}},{Slot:5b,id:\"minecraft:obsidian\",count:4},{Slot:6b,id:\"minecraft:end_stone_bricks\",count:8},{Slot:7b,id:\"minecraft:music_disc_mellohi\",count:1,components:{\"minecraft:custom_data\":{nitk_uniqueItem:2b}}},{Slot:8b,id:\"minecraft:end_stone_bricks\",count:8}]}"
              }
            }
          }
        ]
      }
    }
  }
}