{
  "parent": "nitk:recipes/root",
  "display": {
    "icon": {
      "id": "minecraft:crafting_table"
    },
    "title": "Stone Decline Crafting",
    "description": "Open a Site Planner with a Stone Decline recipe.",
    "frame": "task",
    "show_toast": false,
    "announce_to_chat": false,
    "hidden": true
  },
  "rewards": {
    "function": "nitk:siteplanner/init_ramp_stairs_down"
  },
  "criteria": {
    "open-dropper": {
      "trigger": "minecraft:any_block_use",
      "conditions": {
        "location": [
          {
            "condition": "minecraft:location_check",
            "predicate": {
              "block": {
                  "blocks": [
                    "minecraft:dropper"
                  ],
                  "nbt": "{Items:[{Slot:0b,id:\"minecraft:stone\",count:4},{Slot:1b,id:\"minecraft:dirt\",count:4},{Slot:2b,id:\"minecraft:dirt\",count:4},{Slot:3b,id:\"minecraft:stone\",count:4},{Slot:4b,id:\"minecraft:stone\",count:4},{Slot:5b,id:\"minecraft:dirt\",count:4},{Slot:6b,id:\"minecraft:stone\",count:4},{Slot:7b,id:\"minecraft:stone\",count:4},{Slot:8b,id:\"minecraft:stone\",count:4}]}"
              }
            }
          }
        ]
      }
    }
  }
}