{
  "parent": "nitk:recipes/root",
  "display": {
    "icon": {
      "id": "minecraft:crafting_table"
    },
    "title": "End Portal Crafting",
    "description": "Open a Site Planner with an End Portal recipe.",
    "frame": "task",
    "show_toast": false,
    "announce_to_chat": false,
    "hidden": true
  },
  "rewards": {
    "function": "nitk:siteplanner/init_endportal"
  },
  "criteria": {
    "open-dropper": {
      "trigger": "minecraft:any_block_use",
      "conditions": {
        "location": [
          {
            "condition": "minecraft:location_check",
            "predicate": {
              "block": {
                  "blocks": [
                    "minecraft:dropper"
                  ],
                  "nbt": "{Items:[{Slot:0b,id:\"minecraft:ender_eye\",count:6},{Slot:1b,id:\"minecraft:chain\",count:16},{Slot:2b,id:\"minecraft:ender_eye\",count:6},{Slot:3b,id:\"minecraft:stone\",count:32},{Slot:4b,id:\"minecraft:music_disc_13\",count:1,components:{\"minecraft:custom_data\":{nitk_uniqueItem:6b}}},{Slot:5b,id:\"minecraft:stone\",count:32},{Slot:6b,id:\"minecraft:stone\",count:64},{Slot:7b,id:\"minecraft:oak_log\",count:16},{Slot:8b,id:\"minecraft:stone\",count:64}]}"
              }
            }
          }
        ]
      }
    }
  }
}