{
  "parent": "nitco:recipes/keep/recipe_keep",
  "display": {
    "icon": {
      "id": "minecraft:crafting_table"
    },
    "title": "Purehearth Crafting",
    "description": "Open a Keep Planner with a Purehearth recipe.",
    "frame": "task",
    "show_toast": false,
    "announce_to_chat": false,
    "hidden": true
  },
  "rewards": {
    "function": "nitco:siteplanner/keep/init_purehearth"
  },
  "criteria": {
    "open-dropper": {
      "trigger": "minecraft:any_block_use",
      "conditions": {
        "location": [
          {
            "condition": "minecraft:location_check",
            "predicate": {
              "block": {
                "blocks": [
                  "minecraft:dropper"
                ],
                "nbt": "{Items:[{Slot: 0b, id: \"minecraft:iron_block\", count: 4}, {Slot: 1b, id: \"minecraft:blaze_rod\", count:12}, {Slot: 2b, id: \"minecraft:iron_block\", count: 4}, {Slot: 3b, id: \"minecraft:quartz_block\", count:16}, {Slot: 4b, id: \"minecraft:blast_furnace\", count: 1}, {Slot: 5b, id: \"minecraft:quartz_block\", count:16}, {Slot: 6b, id: \"minecraft:nether_brick\", count:16, components:{\"minecraft:custom_data\":{nitco_strongBrick:1b}}}, {Slot: 7b, id: \"minecraft:nether_brick\", count:32, components:{\"minecraft:custom_data\":{nitco_strongBrick:1b}}}, {Slot: 8b, id: \"minecraft:nether_brick\", count:16, components:{\"minecraft:custom_data\":{nitco_strongBrick:1b}}}]}"
              }
            }
          }
        ]
      }
    }
  }
}