{
  "type": "minecraft:command",
  "pools": [
    {
      "rolls": 1,
      "entries": [
        {
          "type": "minecraft:item",
          "name": "minecraft:paper",
          "functions": [
            {
              "function": "minecraft:set_custom_model_data",
              "floats": {
                "values": [
                  8601004
                ],
                "mode": "insert"
              }
            },
            {
              "function": "minecraft:set_custom_data",
              "tag": "{nitk_bankNote:1b}"
            },
            {
              "function": "minecraft:set_name",
              "target": "item_name",
              "name": {
                "translate": "nitk.item.bank_note",
                "fallback": "Bank Note",
                "color": "green",
                "italic": false
              }
            },
            {
              "function": "minecraft:set_lore",
              "lore": [
                {
                  "translate": "nitk.item.bank_note.desc.1",
                  "fallback": "A receipt for resources",
                  "color": "gray",
                  "italic": false
                },
                {
                  "translate": "nitk.item.bank_note.desc.2",
                  "fallback": "to be used in Banking,",
                  "color": "gray",
                  "italic": false
                },
                {
                  "translate": "nitk.item.bank_note.desc.3",
                  "fallback": "and to upgrade some sites.",
                  "color": "gray",
                  "italic": false
                }
              ],
              "mode": "replace_all"
            },
            {
              "function": "minecraft:set_components",
              "components": {
                "minecraft:enchantment_glint_override": true
              }
            }
          ]
        }
      ]
    }
  ]
}
