{
  "type": "minecraft:command",
  "pools": [
    {
      "rolls": 1,
      "entries": [
        {
          "type": "minecraft:item",
          "name": "minecraft:nether_brick",
          "functions": [
            {
              "function": "minecraft:set_custom_model_data",
              "floats": {
                "values": [
                  8601011
                ],
                "mode": "insert"
              }
            },
            {
              "function": "minecraft:set_custom_data",
              "tag": "{nitco_strongBrick:1b}"
            },
            {
              "function": "minecraft:set_name",
              "target": "item_name",
              "name": {
                "translate": "nitk.item.reinforced_brick",
                "fallback": "Reinforced Brick",
                "color": "red",
                "italic": false
              }
            },
            {
              "function": "minecraft:set_components",
              "components": {
                "minecraft:enchantment_glint_override": true
              }
            }
          ]
        }
      ]
    }
  ]
}
