{
  "pools": [
    {
      "rolls": 1,
      "entries": [
        {
          "type": "minecraft:item",
          "name": "minecraft:written_book",
          "functions": [
            {
              "function": "minecraft:set_custom_data",
              "tag": "{nitContractBook:1b,nit_particleType:1b}"
            },
            {
              "function": "minecraft:set_components",
              "components": {
                "minecraft:enchantment_glint_override": true
              }
            },
            {
              "function": "minecraft:set_components",
              "components": {
                "minecraft:written_book_content": {
                  "title": "Town Charter",
                  "author": "The Mayor",
                  "pages": [
                    [{"text":""},{"text":"\n\n\n\n\n \u0020 \u0020 \u0020 "},{"translate":"nitk.contract_book.contents","fallback":"Start your\n \u0020 \u0020 \u0020 settlement!","color":"dark_green","click_event":{"action":"run_command","command":"/trigger nitContract set 15"},"hover_event":{"action":"show_text","value":[{"translate":"nitk.contract_book.hover","fallback":"THIS CANNOT BE UNDONE"}]}}]
                  ]
                }
              }
            }
          ]
        }
      ]
    }
  ]
}
