{
    "parent": "minecraft:end/kill_dragon",
    "criteria": {
        "end_castle": {
            "conditions": {
                "player": [
                    {
                        "condition": "minecraft:entity_properties",
                        "entity": "this",
                        "predicate": {
                            "location": {
                                "structures": "nova_structures:end_castle"
                            }
                        }
                    }
                ]
            },
            "trigger": "minecraft:location"
        }
    },
    "display": {
        "announce_to_chat": true,
        "description": {
            "translate": "advancement.dnt.end.find_end_castle",
            "fallback": "Challenge the End Castle"
        },
        "frame": "task",
        "hidden": false,
        "icon": {
			"count": 1,
            "id": "minecraft:end_portal_frame"
        },
        "show_toast": true,
        "title": {
            "translate": "advancement.dnt.end.find_end_castle.title",
            "fallback": "Spied Eye"
        }
    },
    "requirements": [
        [
            "end_castle"
        ]
    ],
    "sends_telemetry_event": false
}
