{
  "parent": "nitco:recipes/root",
  "display": {
    "icon": {
      "id": "minecraft:crafting_table"
    },
    "title": "Respawn Platform Crafting",
    "description": "Open a War Planner with a Respawn Platform recipe.",
    "frame": "task",
    "show_toast": false,
    "announce_to_chat": false,
    "hidden": true
  },
  "rewards": {
    "function": "nitco:siteplanner/init_respawn"
  },
  "criteria": {
    "open-dropper": {
      "trigger": "minecraft:any_block_use",
      "conditions": {
        "location": [
          {
            "condition": "minecraft:location_check",
            "predicate": {
              "block": {
            "blocks": [
              "minecraft:dropper"
            ],
			"nbt":"{Items:[{Slot:0b,id:\"minecraft:glowstone\",count:2},{Slot:1b,id:\"minecraft:respawn_anchor\",count:1},{Slot:2b,id:\"minecraft:glowstone\",count:2},{Slot:3b,id:\"minecraft:crimson_door\",count:1},{Slot:4b,id:\"minecraft:gold_ingot\",count:4},{Slot:5b,id:\"minecraft:crimson_door\",count:1},{Slot:6b,id:\"minecraft:nether_brick\",count:8},{Slot:7b,id:\"minecraft:nether_brick\",count:16},{Slot:8b,id:\"minecraft:nether_brick\",count:8}]}"
              }
            }
          }
        ]
      }
    }
  }
}