{
  "parent": "nitco:recipes/root",
  "display": {
    "icon": {
      "id": "minecraft:crafting_table"
    },
    "title": "Forbidden Steeple Crafting",
    "description": "Open a War Planner with a Forbidden Steeple recipe.",
    "frame": "task",
    "show_toast": false,
    "announce_to_chat": false,
    "hidden": true
  },
  "rewards": {
    "function": "nitco:siteplanner/init_healwater"
  },
  "criteria": {
    "open-dropper": {
      "trigger": "minecraft:any_block_use",
      "conditions": {
        "location": [
          {
            "condition": "minecraft:location_check",
            "predicate": {
              "block": {
            "blocks": [
              "minecraft:dropper"
            ],
			      "nbt":"{Items:[{Slot:0b,id:\"minecraft:music_disc_wait\",count:1,components:{\"minecraft:custom_data\":{nitk_uniqueItem:4b}}},{Slot:1b,id:\"minecraft:water_bucket\",count:1},{Slot:2b,id:\"minecraft:totem_of_undying\",count:1},{Slot:3b,id:\"minecraft:quartz_block\",count:32},{Slot:4b,id:\"minecraft:gold_ingot\",count:10},{Slot:5b,id:\"minecraft:quartz_block\",count:32},{Slot:6b,id:\"minecraft:nether_brick\",count:8},{Slot:7b,id:\"minecraft:nether_brick\",count:16},{Slot:8b,id:\"minecraft:nether_brick\",count:8}]}"
              }
            }
          }
        ]
      }
    }
  }
}