{
  "parent": "nitco:recipes/root",
  "display": {
    "icon": {
      "id": "minecraft:crafting_table"
    },
    "title": "Armorer Crafting",
    "description": "Open a War Planner with an Armorer recipe.",
    "frame": "task",
    "show_toast": false,
    "announce_to_chat": false,
    "hidden": true
  },
  "rewards": {
    "function": "nitco:siteplanner/init_armorer"
  },
  "criteria": {
    "open-dropper": {
      "trigger": "minecraft:any_block_use",
      "conditions": {
        "location": [
          {
            "condition": "minecraft:location_check",
            "predicate": {
              "block": {
                  "blocks": [
                    "minecraft:dropper"
                  ],
                  "nbt": "{Items:[{Slot:0b,id:\"minecraft:blackstone\",count:8},{Slot:1b,id:\"minecraft:blackstone\",count:8},{Slot:2b,id:\"minecraft:blackstone\",count:8},{Slot:3b,id:\"minecraft:smithing_table\",count:1},{Slot:4b,id:\"minecraft:gold_ingot\",count:8},{Slot:5b,id:\"minecraft:blast_furnace\",count:1},{Slot:6b,id:\"minecraft:nether_brick\",count:8},{Slot:7b,id:\"minecraft:nether_brick\",count:16},{Slot:8b,id:\"minecraft:nether_brick\",count:8}]}"
              }
            }
          }
        ]
      }
    }
  }
}