{
  "parent": "nitk:recipes/root",
  "display": {
    "icon": {
      "id": "minecraft:crafting_table"
    },
    "title": "Sawmill Crafting",
    "description": "Open a Site Planner with a Sawmill recipe.",
    "frame": "task",
    "show_toast": false,
    "announce_to_chat": false,
    "hidden": true
  },
  "rewards": {
    "function": "nitk:siteplanner/upgrades/init_sawmill"
  },
  "criteria": {
    "open-dropper": {
      "trigger": "minecraft:any_block_use",
      "conditions": {
        "location": [
          {
            "condition": "minecraft:location_check",
            "predicate": {
              "block": {
                "blocks": [
                  "minecraft:dropper"
                ],
                "nbt": "{Items:[{Slot:0b,id:\"minecraft:deepslate\",count:16},{Slot:1b,id:\"minecraft:copper_block\",count:16},{Slot:2b,id:\"minecraft:deepslate\",count:16},{Slot:3b,id:\"minecraft:oak_log\",count:16},{Slot:4b,id:\"minecraft:paper\",count:4,components:{\"minecraft:custom_data\":{nitk_bankNote:1b}}},{Slot:5b,id:\"minecraft:iron_ingot\",count:12},{Slot:6b,id:\"minecraft:andesite\",count:8},{Slot:7b,id:\"minecraft:diamond_axe\",count:1},{Slot:8b,id:\"minecraft:stonecutter\",count:1}]}"
              }
            }
          }
        ]
      }
    }
  }
}