{
    "type": "minecraft:command",
    "pools": [
      {
        "rolls": 1,
        "entries": [
          {
            "type": "minecraft:loot_table",
            "value": "nitk:items/building_permit"
          }
        ]
      },
      {
        "rolls": 3,
        "entries": [
          {
            "type": "minecraft:item",
            "name": "minecraft:charcoal",
            "functions": [
              {
                "function": "minecraft:set_count",
                "count": {
                  "min": 1,
                  "max": 3
                }
              }
            ]
          },
          {
            "type": "minecraft:item",
            "name": "minecraft:stone",
            "functions": [
              {
                "function": "minecraft:set_count",
                "count": {
                  "min": 6,
                  "max": 12
                }
              }
            ]
          },
          {
            "type": "minecraft:item",
            "name": "minecraft:oak_log",
            "functions": [
              {
                "function": "minecraft:set_count",
                "count": {
                  "min": 6,
                  "max": 12
                }
              }
            ]
          }
        ]
      }
    ]
  }
  