{
  "type": "minecraft:chest",
  "pools": [
    {
      "rolls": 1,
      "bonus_rolls": 0,
      "entries": [
        {
          "type": "minecraft:item",
          "functions": [
            {
              "function": "minecraft:exploration_map",
              "destination": "nova_structures:nether_keep",
              "decoration": "minecraft:red_x",
              "zoom": 4,
              "skip_existing_chunks": false
            },
            {
              "function": "minecraft:set_components",
              "components": {
                "minecraft:map_color": 7340544,
                "minecraft:item_name": {
                  "translate": "item.dnt.filled_map.nether_keep",
                  "fallback": "Nether Keep Map",
                  "italic": false
                }
              }
            }
          ],
          "name": "minecraft:map"
        }
      ]
    }
  ]
}