{
  "type": "minecraft:chest",
  "pools": [
    {
      "rolls": 1,
      "bonus_rolls": 0,
      "entries": [
        {
          "type": "minecraft:item",
          "functions": [
            {
              "function": "minecraft:exploration_map",
              "destination": "minecraft:on_woodland_explorer_maps",
              "decoration": "minecraft:mansion",
              "zoom": 4,
              "skip_existing_chunks": true
            },
            {
              "function": "minecraft:set_components",
              "components": {
                "minecraft:map_color": 5393476,
                "minecraft:item_name": {
                  "translate": "filled_map.mansion",
                  "italic": false
                }
              }
            }
          ],
          "name": "minecraft:map"
        }
      ]
    }
  ]
}