{
  "display": {
    "icon": {
      "id": "minecraft:bell"
    },
    "title": "Cathedral Bell",
    "description": "Ring the cathedral bell.",
    "frame": "task",
    "show_toast": false,
    "announce_to_chat": false,
    "hidden": true
  },
  "parent": "nitk:nitk/complete_town",
  "criteria": {
    "use-bell": {
      "trigger": "minecraft:any_block_use",
      "conditions": {
        "location": [
          {
            "condition": "minecraft:location_check",
            "predicate": {
              "block": {
                "blocks": "minecraft:bell"
              }
            }
          }
        ]
      }
    }
  },
  "rewards": {
    "function": "nitk:recurs/cathedral_bell"
  }
}
