{
  "parent": "nitk:nitk/town_hero",
  "display": {
    "icon": {
      "id": "minecraft:beacon"
    },
    "title": {
      "translate": "nitk.advancement.dark_beacon",
      "fallback": "Darkness: The Beaconing"
    },
    "description": {
      "translate": "nitk.advancement.dark_beacon.desc",
      "fallback": "Destroy the Tyrant's Dark Beacon."
    },
    "frame": "task",
    "show_toast": true,
    "announce_to_chat": true,
    "hidden": false
  },
  "rewards": {
    "function": "nitk:tyrant_kill",
	"experience": 200
  },
  "criteria": {
    "p_k_e-beacon": {
      "trigger": "minecraft:impossible"
    }
  }
}