{
    "parent": "nitk:nitk/root",
    "display": {
      "icon": {
        "id": "minecraft:heart_of_the_sea"
      },
      "title": {
        "translate": "nitk.advancement.defeat_banished_king",
        "fallback": "Reign's End"
      },
      "description": {
        "translate": "nitk.advancement.defeat_banished_king.desc",
        "fallback": "Defeat the Banished King at the Crucible."
      },
      "frame": "challenge",
      "background": "minecraft:textures/block/oak_planks.png",
      "show_toast": true,
      "announce_to_chat": true,
      "hidden": false
    },
    "rewards": {
      "experience": 500
    },
    "criteria": {
      "p_k_e-banished_king": {
        "trigger": "minecraft:impossible"
      }
    }
  }