{
  "display": {
    "icon": {
      "id": "minecraft:book"
    },
    "title": {
      "translate": "nitk.advancement.root",
      "fallback": "New in Town"
    },
    "description": {
      "translate": "nitk.advancement.root.desc",
      "fallback": "Obtain a town charter by collecting raw materials."
    },
    "background": "minecraft:block/oak_planks",
    "frame": "task",
    "show_toast": true,
    "announce_to_chat": true,
    "hidden": false
  },
  "criteria": {
    "get-log": {
      "trigger": "minecraft:inventory_changed",
      "conditions": {
        "items": [
          {
            "items": "#minecraft:logs"
          }
        ]
      }
    }
  },
  "rewards": {
    "function": "nitk:getbook"
  }
}
