{
  "type": "minecraft:command",
  "pools": [
    {
      "rolls": 1,
      "entries": [
        {
          "type": "minecraft:item",
          "weight": 1,
          "name": "minecraft:green_terracotta"
        },
        {
          "type": "minecraft:item",
          "weight": 1,
          "name": "minecraft:lime_terracotta"
        },
        {
          "type": "minecraft:item",
          "weight": 1,
          "name": "minecraft:blackstone"
        },
        {
          "type": "minecraft:item",
          "weight": 1,
          "name": "minecraft:yellow_terracotta"
        },
        {
          "type": "minecraft:loot_table",
          "weight": 1,
          "value": "nitco:entity/slime"
        }
      ]
    }
  ]
}
