{
    "type": "minecraft:command",
    "pools": [
      {
        "rolls": 1,
        "entries": [
          {
            "type": "minecraft:item",
            "weight": 1,
            "name": "minecraft:cherry_log"
          },
          {
            "type": "minecraft:item",
            "weight": 1,
            "name": "minecraft:cherry_sapling"
          },
          {
            "type": "minecraft:item",
            "weight": 1,
            "name": "minecraft:honeycomb"
          },
          {
            "type": "minecraft:loot_table",
            "weight": 1,
            "value": "nitk:entities/vanilla/rabbit"
          },
          {
            "type": "minecraft:item",
            "weight": 1,
            "name": "minecraft:spruce_log"
          },
          {
            "type": "minecraft:item",
            "weight": 1,
            "name": "minecraft:spruce_sapling"
          }
        ]
      }
    ]
  }
  