{
    "type": "minecraft:command",
    "pools": [
      {
        "rolls": 1,
        "entries": [
          {
            "type": "minecraft:loot_table",
            "weight": 1,
            "value": "nitk:entities/vanilla/rabbit"
          },
          {
            "type": "minecraft:item",
            "weight": 1,
            "name": "minecraft:cactus"
          },
          {
            "type": "minecraft:item",
            "weight": 1,
            "name": "minecraft:sand"
          }
        ]
      }
    ]
  }
  