{
  "type": "minecraft:command",
  "pools": [
    {
      "rolls": 1,
      "entries": [
        {
          "type": "minecraft:item",
          "name": "minecraft:written_book",
          "functions": [
            {
              "function": "minecraft:set_custom_data",
              "tag": "{nitContractBook:1b,nit_particleType:2b}"
            },
            {
              "function": "minecraft:set_components",
              "components": {
                "minecraft:enchantment_glint_override": true
              }
            },
            {
              "function": "minecraft:set_components",
              "components": {
                "minecraft:written_book_content": {
                  "title": "War Strategy",
                  "author": "The Mayor",
                  "pages": [
                    [{"text":""},{"text":"\n\n\n\n\n \u0020 \u0020 \u0020 "},{"translate":"nitco.contract_book.contents","fallback":" Start the\n   counteroffensive!","color":"dark_red","click_event":{"action":"run_command","command":"/trigger nitContract set 31"},"hover_event":{"action":"show_text","value":[{"translate":"nitk.contract_book.hover","fallback":"THIS CANNOT BE UNDONE"}]}}]
                  ]
                }
              }
            }
          ]
        }
      ]
    }
  ]
}
