{
  "parent": "nitk:adventure/cave_spider_quest",
  "criteria": {
    "criteria": {
      "trigger": "minecraft:player_killed_entity",
      "conditions": {
        "player": [
          {
            "condition": "minecraft:entity_properties",
            "entity": "this",
            "predicate": {
              "type_specific": {
                "type": "minecraft:player",
                "advancements": {
                  "nitk:adventure/cave_spider_quest": true
                }
              }
            }
          }
        ],
        "entity": [
          {
            "condition": "minecraft:entity_properties",
            "entity": "this",
            "predicate": {
              "type": "minecraft:cave_spider",
              "location": {
                "structures": [
                  "minecraft:mineshaft_mesa",
                  "minecraft:mineshaft"
                ]
              }
            }
          }
        ]
      }
    }
  },
  "rewards": {
    "function": "nitk:recurs/adventure/inform"
  }
}
