{
  "parent": "nitk:adventure/technical_loot_quest",
  "display": {
    "icon": {
      "id": "minecraft:enchanted_golden_apple"
    },
    "title": {
      "translate": "nitk.advancement.quest.gapple",
      "fallback": "Enchanted Golden Apple Quest"
    },
    "description": {
      "translate": "nitk.advancement.quest.gapple.desc",
      "fallback": "Collect one Enchanted Golden Apple"
    },
    "frame": "goal",
    "show_toast": false,
    "announce_to_chat": false,
    "hidden": true
  },
  "criteria": {
    "criteria": {
      "trigger": "minecraft:impossible"
    }
  }
}
