{
  "parent": "nitk:adventure/technical_loot_quest",
  "display": {
    "icon": {
      "id": "minecraft:blue_ice"
    },
    "title": {
      "translate": "nitk.advancement.quest.igloo",
      "fallback": "Igloo Quest"
    },
    "description": {
      "translate": "nitk.advancement.quest.igloo.desc",
      "fallback": "Open a hidden chest in an Igloo"
    },
    "frame": "goal",
    "show_toast": false,
    "announce_to_chat": false,
    "hidden": true
  },
  "criteria": {
    "criteria": {
      "trigger": "minecraft:impossible"
    }
  }
}
