{
  "parent": "nitk:adventure/technical_kill_quest",
  "display": {
    "icon": {
      "id": "minecraft:chiseled_polished_blackstone"
    },
    "title": {
      "translate": "nitk.advancement.quest.piglin_brute",
      "fallback": "Piglin Brute Quest"
    },
    "description": {
      "translate": "nitk.advancement.quest.piglin_brute.desc",
      "fallback": "Slay a Piglin Brute in a Bastion Remnant"
    },
    "frame": "goal",
    "show_toast": false,
    "announce_to_chat": false,
    "hidden": true
  },
  "criteria": {
    "criteria": {
      "trigger": "minecraft:impossible"
    }
  }
}
