{
  "parent": "namespace:recipes/root",
  "display": {
    "icon": {
      "id": "minecraft:crafting_table"
    },
    "title": "structurename Crafting",
    "description": "Q = Building Permit\n1 = <item>\n2 = <item>\n3 = <item>\n4 = <item>\n5 = <item>\n<item>x<quantity>  | <item>x<quantity> | <item>x<quantity>\n<item>x<quantity> |  Q  | <item>x<quantity>\n<item>x<quantity>  | <item>x<quantity> | <item>x<quantity>",
    "frame": "task",
    "show_toast": false,
    "announce_to_chat": false,
    "hidden": false
  },
  "rewards": {
    "function": "namespace:siteplanner/init_structurename"
  },
  "criteria": {
    "open-dropper": {
      "trigger": "minecraft:any_block_use",
      "conditions": {
        "location": [
          {
            "condition": "minecraft:location_check",
            "predicate": {
              "block": {
                  "blocks": [
                    "minecraft:dropper"
                  ],
                  "nbt": "{Items:[{Slot:0b,id:\"minecraft:<item>\",count:<quantity>},{Slot:1b,id:\"minecraft:<item>\",count:<quantity>},{Slot:2b,id:\"minecraft:<item>\",count:<quantity>},{Slot:3b,id:\"minecraft:<item>\",count:<quantity>},{Slot:4b,id:\"minecraft:paper\",count:1,components:{\"minecraft:custom_data\":{nitk_buildingPermit:1b}}},{Slot:5b,id:\"minecraft:<item>\",count:<quantity>},{Slot:6b,id:\"minecraft:<item>\",count:<quantity>},{Slot:7b,id:\"minecraft:<item>\",count:<quantity>},{Slot:8b,id:\"minecraft:<item>\",count:<quantity>}]}"
                }
              }
            }
          ]
        }
      }
    }
  }