{
  "parent": "namespace:recipes/root",
  "display": {
    "icon": {
      "id": "minecraft:crafting_table"
    },
    "title": "structurename Crafting",
    "description": "G = Gold Ingot\nN = Nethr Brck Item\n1 = <item>\n2 = <item>\n3 = <item>\n4 = <item>\n5 = <item>\n<item>x<quantity>  | <item>x<quantity> | <item>x<quantity>\n<item>x<quantity> | Gx<quantity> | <item>x<quantity>\nNx8  | Nx16 | Nx8",
    "frame": "task",
    "show_toast": false,
    "announce_to_chat": false,
    "hidden": true
  },
  "rewards": {
    "function": "namespace:siteplanner/init_structurename"
  },
  "criteria": {
    "open-dropper": {
      "trigger": "minecraft:any_block_use",
      "conditions": {
        "location": [
          {
            "condition": "minecraft:location_check",
            "predicate": {
              "block": {
                  "blocks": [
                    "minecraft:dropper"
                  ],
                  "nbt": "{Items:[{Slot:0b,id:\"minecraft:<item>\",count:<quantity>},{Slot:1b,id:\"minecraft:<item>\",count:<quantity>},{Slot:2b,id:\"minecraft:<item>\",count:<quantity>},{Slot:3b,id:\"minecraft:<item>\",count:<quantity>},{Slot:4b,id:\"minecraft:gold_ingot\",count:<quantity>},{Slot:5b,id:\"minecraft:<item>\",count:<quantity>},{Slot:6b,id:\"minecraft:nether_brick\",count:8},{Slot:7b,id:\"minecraft:nether_brick\",count:16},{Slot:8b,id:\"minecraft:nether_brick\",count:8}]}"
                }
              }
            }
          ]
        }
      }
    }
  }